{
	"name": "DataLakeIngestion",
	"properties": {
		"activities": [
			{
				"name": "Get Metadata Folders",
				"type": "GetMetadata",
				"dependsOn": [],
				"policy": {
					"timeout": "0.12:00:00",
					"retry": 0,
					"retryIntervalInSeconds": 30,
					"secureOutput": false,
					"secureInput": false
				},
				"userProperties": [],
				"typeProperties": {
					"dataset": {
						"referenceName": "ds_datalake",
						"type": "DatasetReference"
					},
					"fieldList": [
						"childItems"
					],
					"storeSettings": {
						"type": "AzureBlobFSReadSettings",
						"enablePartitionDiscovery": false
					},
					"formatSettings": {
						"type": "DelimitedTextReadSettings"
					}
				}
			},
			{
				"name": "ForEachFile",
				"type": "ForEach",
				"dependsOn": [
					{
						"activity": "Get Metadata Folders",
						"dependencyConditions": [
							"Succeeded"
						]
					}
				],
				"userProperties": [],
				"typeProperties": {
					"items": {
						"value": "@activity('Get Metadata Folders').output.childItems",
						"type": "Expression"
					},
					"activities": [
						{
							"name": "If Condition File exists",
							"type": "IfCondition",
							"dependsOn": [],
							"userProperties": [],
							"typeProperties": {
								"expression": {
									"value": "@and(equals(item().name,'nocs.csv'), equals(item().type,'File'))",
									"type": "Expression"
								},
								"ifFalseActivities": [
									{
										"name": "Append File names",
										"type": "AppendVariable",
										"dependsOn": [],
										"userProperties": [],
										"typeProperties": {
											"variableName": "v_file_array",
											"value": {
												"value": "@item().name",
												"type": "Expression"
											}
										}
									}
								],
								"ifTrueActivities": [
									{
										"name": "Copy File to Data Lake",
										"type": "Copy",
										"dependsOn": [],
										"policy": {
											"timeout": "0.12:00:00",
											"retry": 0,
											"retryIntervalInSeconds": 30,
											"secureOutput": false,
											"secureInput": false
										},
										"userProperties": [],
										"typeProperties": {
											"source": {
												"type": "DelimitedTextSource",
												"storeSettings": {
													"type": "AzureBlobFSReadSettings",
													"recursive": true,
													"enablePartitionDiscovery": false
												},
												"formatSettings": {
													"type": "DelimitedTextReadSettings"
												}
											},
											"sink": {
												"type": "DelimitedTextSink",
												"storeSettings": {
													"type": "AzureBlobFSWriteSettings"
												},
												"formatSettings": {
													"type": "DelimitedTextWriteSettings",
													"quoteAllText": true,
													"fileExtension": ".txt"
												}
											},
											"enableStaging": false,
											"translator": {
												"type": "TabularTranslator",
												"typeConversion": true,
												"typeConversionSettings": {
													"allowDataTruncation": true,
													"treatBooleanAsNumber": false
												}
											}
										},
										"inputs": [
											{
												"referenceName": "ds_para",
												"type": "DatasetReference",
												"parameters": {
													"p_container": "source",
													"p_folder": "raw_data",
													"p_file": {
														"value": "@item().name",
														"type": "Expression"
													}
												}
											}
										],
										"outputs": [
											{
												"referenceName": "ds_para",
												"type": "DatasetReference",
												"parameters": {
													"p_container": "bronze",
													"p_folder": "nocs",
													"p_file": {
														"value": "@item().name",
														"type": "Expression"
													}
												}
											}
										]
									}
								]
							}
						}
					]
				}
			},
			{
				"name": "Set File Names",
				"type": "SetVariable",
				"dependsOn": [
					{
						"activity": "ForEachFile",
						"dependencyConditions": [
							"Completed"
						]
					}
				],
				"policy": {
					"secureOutput": false,
					"secureInput": false
				},
				"userProperties": [],
				"typeProperties": {
					"variableName": "v_file_names",
					"value": {
						"value": "@string(variables('v_file_array'))",
						"type": "Expression"
					}
				}
			},
			{
				"name": "Set File Numbers",
				"type": "SetVariable",
				"dependsOn": [
					{
						"activity": "ForEachFile",
						"dependencyConditions": [
							"Completed"
						]
					}
				],
				"policy": {
					"secureOutput": false,
					"secureInput": false
				},
				"userProperties": [],
				"typeProperties": {
					"variableName": "v_file_no",
					"value": {
						"value": "@length(variables('v_file_array'))",
						"type": "Expression"
					}
				}
			}
		],
		"variables": {
			"v_file_array": {
				"type": "Array"
			},
			"v_file_no": {
				"type": "Integer"
			},
			"v_file_names": {
				"type": "String"
			}
		},
		"annotations": []
	}
}