{
	"name": "ds_para",
	"properties": {
		"linkedServiceName": {
			"referenceName": "ls_datalake",
			"type": "LinkedServiceReference"
		},
		"parameters": {
			"p_container": {
				"type": "string"
			},
			"p_folder": {
				"type": "string"
			},
			"p_file": {
				"type": "string"
			}
		},
		"annotations": [],
		"type": "DelimitedText",
		"typeProperties": {
			"location": {
				"type": "AzureBlobFSLocation",
				"fileName": {
					"value": "@dataset().p_file",
					"type": "Expression"
				},
				"folderPath": {
					"value": "@dataset().p_folder",
					"type": "Expression"
				},
				"fileSystem": {
					"value": "@dataset().p_container",
					"type": "Expression"
				}
			},
			"columnDelimiter": ",",
			"escapeChar": "\\",
			"firstRowAsHeader": true,
			"quoteChar": "\""
		},
		"schema": []
	}
}